celltype,size_factors,dca_split
Group1,1.6232442,0
Group1,1.0895375,0
Group3,1.1886929,0
Group6,1.0630902,0
Group5,0.82306916,0
Group5,0.88646567,0
Group6,1.100687,0
Group2,0.54203826,0
Group5,0.8061261,0
Group6,1.230823,0
Group4,0.9175163,0
Group6,0.9528202,0
Group1,1.1908283,0
Group3,0.8822124,0
Group4,1.1839671,0
Group1,0.70749575,0
Group1,0.77171487,0
Group2,0.77491796,0
Group4,0.98770404,0
Group5,0.96482736,0
Group1,1.3550256,0
Group2,1.0347526,0
Group1,1.3565834,0
Group1,1.4849867,0
Group2,0.9721087,0
Group5,1.0723668,0
Group4,0.84330285,0
Group1,1.1118541,0
Group4,0.8214589,0
Group1,0.78368706,1
Group6,1.0481775,0
Group6,1.0178095,0
Group4,1.0339999,0
Group6,1.0833589,0
Group2,0.8721831,0
Group6,0.94728917,0
Group2,1.4525883,0
Group3,0.9986785,0
Group1,0.79324377,0
Group5,0.8426727,0
Group4,0.82392687,0
Group4,0.83124316,0
Group2,0.74724543,0
Group1,0.56458235,0
Group4,1.1042051,0
Group1,1.053551,0
Group1,0.96668273,0
Group5,0.84496564,0
Group1,0.8618562,0
Group5,1.0940533,1
Group4,1.0704765,0
Group4,1.0966787,0
Group4,0.99517787,0
Group6,1.2182733,0
Group2,1.1015446,0
Group6,1.152934,0
Group6,1.1167374,1
Group3,1.4195598,0
Group3,0.8034656,0
Group5,1.3026911,0
Group6,0.9835558,0
Group1,0.9759594,0
Group6,1.0022142,0
Group5,0.93803,0
Group1,0.5943377,0
Group3,0.9118628,1
Group3,1.037798,0
Group6,0.7034875,0
Group6,1.1837395,0
Group3,0.9259353,1
Group2,1.3757143,1
Group2,1.0809784,0
Group3,0.85040915,0
Group4,1.018002,0
Group3,1.034035,0
Group6,1.2292303,0
Group2,1.031847,0
Group4,0.6605697,0
Group5,0.71652734,0
Group2,0.8699777,0
Group5,1.0749574,0
Group2,0.94961715,0
Group4,0.87792414,0
Group5,0.88286,0
Group6,0.9985735,0
Group5,0.8704328,0
Group3,0.9371899,0
Group2,0.7883779,0
Group2,0.7965519,0
Group3,1.2295103,0
Group6,0.7706297,0
Group2,0.9759244,0
Group3,0.9280182,0
Group1,0.8076489,0
Group1,1.0801908,0
Group6,1.0384632,0
Group3,1.2859756,0
Group5,1.0384457,0
Group6,0.9886667,0
Group5,1.7123003,1
Group5,0.83063054,0
Group3,0.8264998,0
Group3,0.89236426,0
Group4,0.95908636,0
Group1,1.1326128,0
Group1,1.1160372,0
Group6,0.9595589,0
Group6,0.8211963,0
Group5,1.2584606,0
Group2,1.2304031,1
Group5,0.8754387,0
Group1,1.1520764,1
Group6,1.1328229,0
Group4,1.2710629,0
Group5,0.99123967,0
Group5,0.80962676,0
Group2,1.1982147,0
Group4,0.8398372,0
Group5,1.1218659,0
Group6,1.4917954,0
Group4,0.75300395,1
Group4,1.3733164,0
Group5,1.3070143,0
Group5,0.8063536,0
Group6,1.0368004,1
Group4,0.86050844,0
Group1,0.907592,0
Group1,1.1429046,0
Group3,0.7814291,1
Group6,0.97002584,0
Group1,0.94265085,0
Group5,1.012611,0
Group5,1.075815,0
Group1,1.4075177,0
Group1,0.9199842,0
Group5,0.8403273,1
Group6,1.186225,0
Group2,1.1462127,0
Group6,1.0279614,0
Group5,1.0872271,0
Group2,0.7065331,0
Group2,1.2988054,0
Group4,1.1435523,0
Group6,1.2633439,0
Group6,0.83614403,0
Group6,0.70634055,0
Group3,0.8729007,0
Group1,0.8012427,0
Group3,1.5536691,0
Group2,0.9362097,0
Group6,1.0098981,0
Group3,1.3037238,0
Group6,1.1300223,0
Group4,1.0881197,0
Group6,1.7249726,0
Group6,1.0496652,0
Group3,1.4912878,0
Group2,0.9450488,0
Group2,0.77047217,0
Group6,0.6150965,0
Group1,1.1260841,0
Group5,0.8444406,0
Group5,1.0171969,0
Group3,1.5188903,0
Group5,1.0880322,0
Group3,0.96654266,0
Group4,0.68313134,0
Group3,0.8394346,0
Group2,0.89731765,0
Group3,1.2138975,0
Group6,1.1410143,0
Group4,0.99393517,0
Group4,1.0699339,0
Group4,0.9307662,0
Group4,0.9975583,0
Group2,1.0700915,0
Group6,1.1156347,0
Group5,1.486527,0
Group6,0.8215814,0
Group6,1.3428959,0
Group1,1.1491008,0
Group1,0.72554153,0
Group3,0.9473592,0
Group3,0.8876909,0
Group6,0.77661574,0
Group6,0.72233844,0
Group1,0.93981534,0
Group6,0.92056185,0
Group2,0.9441561,0
Group3,0.62104756,0
Group3,1.0756924,0
Group6,1.1072682,0
Group2,1.1773158,0
Group2,1.1586225,0
Group2,1.0302718,0
Group2,1.3963856,0
Group5,0.8226491,0
Group2,0.7773509,0
Group6,1.0484926,0
Group6,1.123056,0
Group1,0.7997199,0
Group5,1.0058023,0
Group1,1.0969414,0
Group4,1.0890999,0
Group2,1.1662713,0
Group4,1.2628714,0
Group1,0.64369667,0
Group4,1.450943,0
Group3,1.0933356,0
Group3,0.8953398,0
Group5,0.8143351,1
Group5,1.2568328,1
Group4,1.114182,1
Group2,1.1733077,0
Group4,0.9771846,0
Group1,0.9556207,0
Group5,1.6058285,0
Group4,0.6792631,0
Group5,1.120028,0
Group1,1.1023673,0
Group4,1.0983591,0
Group3,1.1668665,0
Group5,0.92106944,0
Group1,1.2351289,0
Group3,0.57802474,0
Group6,0.83491886,0
Group3,0.98500854,0
Group3,0.97925,0
Group2,1.0918128,0
Group3,1.1494334,0
Group4,0.7260491,0
Group2,1.0411587,1
Group3,1.1285696,0
Group2,1.3441912,1
Group1,0.96946573,0
Group6,1.4732245,0
Group2,0.94483876,0
Group1,1.0130136,0
Group5,1.0283464,0
Group4,0.90052074,1
Group2,1.2047958,0
Group5,0.7126242,0
Group2,1.0380431,0
Group3,0.85875815,0
Group5,0.87179804,0
Group4,1.3028312,0
Group2,1.2355665,0
Group2,1.2656718,1
Group4,0.9551481,0
Group1,1.0051897,0
Group4,0.72795695,0
Group3,0.9252177,1
Group3,1.4323021,0
Group5,0.89040387,0
Group2,0.79068834,1
Group6,0.9483394,0
Group2,1.2893187,1
Group5,0.7039776,0
Group5,0.990452,0
Group5,1.0807334,0
Group6,1.5136569,0
Group2,0.8960924,0
Group3,1.3482518,0
Group1,0.92224216,0
Group5,0.8269024,0
Group2,0.76266575,0
Group1,0.94111055,0
Group3,0.97995013,0
Group1,0.95462304,0
Group1,1.2520545,0
Group2,1.095261,1
Group6,0.91615105,0
Group4,0.84872884,0
Group2,0.7633834,0
Group1,0.65365595,0
Group4,0.95842123,1
Group3,1.0474774,0
Group4,1.3222597,0
Group4,1.0411762,0
Group4,1.2717805,0
Group4,1.0379907,0
Group2,0.82250905,1
Group3,1.067326,0
Group1,1.1126592,0
Group3,0.8589507,0
Group3,0.95819366,0
Group4,1.5400342,0
Group2,0.8297904,0
Group4,1.3172188,0
Group2,1.012296,0
Group1,1.3669628,0
Group6,0.8309456,0
Group3,0.9769571,0
Group4,1.0632652,0
Group3,1.0001663,0
Group2,1.1431847,0
Group6,0.9025861,0
Group5,1.3474642,1
Group2,1.0737321,0
Group2,1.1261541,0
Group4,0.7607754,0
Group4,0.8105719,0
Group2,1.1980046,0
Group3,0.9860062,0
Group1,0.9622544,0
Group1,0.9223472,0
Group4,1.1985997,1
Group2,0.9667177,1
Group3,1.0116833,0
Group3,0.7120991,0
Group2,1.4774953,0
Group1,1.202538,0
Group4,1.1893755,0
Group2,0.642699,0
Group3,1.0280838,0
Group1,0.9036538,0
Group3,0.719713,0
Group5,1.183512,0
Group1,1.2741259,0
Group1,0.9135431,0
Group4,0.9555857,0
Group4,1.3967707,0
Group2,0.7034,0
Group3,1.1469829,0
Group5,0.921437,1
Group1,0.98770404,0
Group4,0.8622763,0
Group1,1.2416226,0
Group6,0.7910909,0
Group6,1.1804839,0
Group1,1.3976983,0
Group2,0.71146894,0
Group2,0.7962193,0
Group4,1.1627707,0
Group6,0.79021573,0
Group4,0.8842603,0
Group5,0.96477485,0
Group3,0.8977727,0
Group6,1.158815,0
Group3,0.8728132,0
Group4,0.9892268,0
Group2,1.1573448,0
Group6,0.74530256,0
Group4,0.86390406,0
Group2,1.1661139,0
Group2,0.9355796,0
Group1,0.5836608,0
Group4,0.8758587,0
Group6,1.095751,0
Group1,0.92134947,0
Group4,0.97202116,0
Group5,1.0282414,0
Group2,1.1871002,1
Group2,0.904669,1
Group6,1.106078,0
Group4,1.1274319,0
Group6,0.8097318,0
Group1,1.0141863,0
Group4,0.88753337,0
Group4,1.1191878,0
Group5,0.70271736,0
Group5,1.3832407,1
Group3,1.315836,0
Group1,0.8317332,0
Group5,0.836004,0
Group5,0.7949766,0
Group5,0.9599615,1
Group1,0.8880935,0
Group4,1.0394784,1
Group3,0.66267014,0
Group2,1.0477225,0
Group3,0.98289067,0
Group6,0.72972476,0
Group2,1.0972564,0
Group6,0.9721787,1
Group1,0.9511749,0
Group3,0.96750534,0
Group2,0.9810353,0
Group2,1.0833938,0
Group6,0.9086597,0
Group5,1.3006083,0
Group4,1.0285214,0
Group4,0.97527677,1
Group3,1.2541373,1
Group5,1.2376493,0
Group6,0.8244519,0
Group2,0.82728744,0
Group1,0.8670372,0
Group3,0.7718724,0
Group2,0.7138844,0
Group1,1.0588894,0
Group5,1.0128386,0
Group5,1.175058,0
Group3,0.9742616,1
Group6,1.1315801,0
Group4,0.9361747,0
Group1,0.838507,0
Group1,1.1734477,0
Group5,1.1358509,0
Group2,0.67838794,0
Group2,1.2068613,0
Group5,0.68614185,0
Group5,0.9368573,0
Group4,0.9538879,0
Group1,1.0514855,0
Group2,1.2402748,0
Group1,0.80406076,0
Group3,0.93039864,0
Group2,1.7265829,0
Group4,0.75603205,0
Group2,0.88121474,0
Group5,0.9637947,1
Group3,1.0639304,0
Group6,0.8429703,0
Group2,0.9577386,0
Group2,1.2382444,0
Group3,0.97461164,0
Group6,1.0569291,0
Group4,1.1069707,0
Group2,1.1239837,0
Group2,1.0941408,0
Group4,0.9855511,0
Group1,0.90414387,0
Group6,1.0212926,0
Group5,0.8176782,0
Group2,1.0182121,0
Group4,0.9425808,0
Group4,0.9686081,0
Group6,0.7894456,0
Group5,0.9565834,1
Group5,0.7708222,0
Group5,0.89239925,0
Group4,1.1656762,0
Group2,1.0584519,0
Group1,1.2511618,0
Group2,1.0902727,0
Group4,1.0297642,0
Group3,1.2601234,0
Group2,1.2407999,0
Group4,0.7267667,0
Group5,1.2154903,0
Group1,1.1104888,0
Group4,1.1596202,0
Group1,0.81067693,0
Group3,1.6472411,0
Group4,0.6300617,0
Group2,1.0150965,0
Group6,1.0415437,0
Group5,0.9704634,0
Group2,1.1737977,0
Group4,1.0456395,1
Group4,0.891174,0
Group6,1.3264254,0
Group5,0.9572835,0
Group4,1.1493284,0
Group3,0.9075745,0
Group3,0.7845797,0
Group6,0.9165886,0
Group1,0.7922461,0
Group1,1.084444,0
Group4,0.7299698,0
Group2,0.80364066,0
Group6,1.042244,1
Group2,0.6888198,0
Group2,0.8853105,1
Group5,0.971216,0
Group3,1.313123,0
Group3,0.93776745,0
Group4,0.89141905,0
Group1,0.8370017,0
Group4,1.08959,0
Group2,0.9152584,0
Group1,0.94711417,0
Group1,0.8777666,0
Group4,1.277364,0
Group4,1.3575636,0
Group5,0.86915505,0
Group1,1.0116134,0
Group3,0.9302236,1
Group6,1.4607272,0
Group3,1.1964818,0
Group5,0.7015272,0
Group1,0.91389316,0
Group2,0.60902286,0
Group1,0.9764145,0
Group4,1.1558745,0
Group1,0.7878353,0
Group3,0.7691244,0
Group2,1.2068963,0
Group2,0.84209514,0
Group1,1.1514112,0
Group4,1.0612874,0
Group1,1.1510086,0
Group4,1.263589,0
Group4,1.2550825,1
Group3,1.3275981,0
Group6,1.0858268,0
Group3,0.9864438,0
Group2,0.808314,0
Group2,0.7818492,0
Group2,0.880217,0
Group3,0.9410931,0
Group5,0.82446945,0
Group6,1.2074739,0
Group2,0.8211613,0
Group1,1.0747473,0
Group5,1.1656762,0
Group2,0.8269024,1
Group1,1.2988229,0
Group3,0.65033036,0
Group2,1.043189,0
Group6,1.3531703,0
Group3,1.1565921,0
Group3,1.2320833,0
Group5,0.8749661,0
Group4,1.0745373,0
Group2,1.2441605,0
Group3,0.7603203,0
Group4,1.2654793,0
Group5,0.7745154,0
Group6,0.89861286,0
Group1,1.7979258,0
Group1,1.1190304,0
Group2,0.993305,0
Group5,1.2516868,0
Group6,0.93838006,0
Group2,1.1831969,0
Group1,0.94424367,0
Group4,0.5909421,0
Group3,1.1542118,1
Group1,0.918409,1
Group3,0.92520016,0
Group6,1.0061873,0
Group5,1.3345644,0
Group4,1.1031549,0
Group2,1.197042,0
Group2,1.1077758,0
Group5,0.97910994,0
Group5,1.1989498,0
Group3,0.9825581,0
Group6,0.7807465,0
Group1,1.0608498,0
Group5,0.5885442,0
Group3,0.84053737,0
Group5,1.0467948,1
Group6,0.9395878,0
Group6,0.94111055,0
Group3,1.2076313,0
Group4,0.8283901,0
Group3,0.5754168,0
Group1,1.183372,0
Group3,1.0364853,0
Group6,0.94644904,0
Group2,0.90883476,0
Group2,0.6497528,1
Group2,0.81871086,0
Group1,1.0829738,0
Group3,0.9792675,0
Group1,0.72247845,0
Group6,1.1129217,0
Group6,1.2226316,0
Group3,0.96817046,0
Group2,1.0442743,0
Group2,1.4083928,0
Group3,1.078318,0
Group4,1.2843302,0
Group6,1.0114733,0
Group3,1.4244082,0
Group5,0.98793155,0
Group6,1.2299654,0
Group5,0.90673435,0
Group3,0.7338205,0
Group1,1.2121822,1
Group2,1.5623332,0
Group3,0.95600575,0
Group5,1.351525,0
Group2,0.9862863,0
Group2,1.2791668,0
Group5,0.83497137,0
Group5,1.0086728,0
Group3,0.84956896,0
Group1,0.7711198,0
Group6,1.1758807,0
Group5,1.4188422,1
Group3,0.82679737,1
Group4,0.8235943,1
Group1,0.789008,0
Group1,0.940778,0
Group4,1.1704897,0
Group6,1.2294403,0
Group3,1.1379513,0
Group1,1.1610029,0
Group4,0.8744935,0
Group1,0.949162,0
Group6,1.1858749,0
Group4,0.8918216,0
Group5,0.8176782,0
Group4,0.75106114,0
Group2,1.7640222,0
Group4,0.7233536,0
Group4,0.94139063,0
Group3,1.4565965,0
Group6,1.2098368,1
Group3,0.95196253,0
Group5,1.166359,0
Group4,1.4731895,0
Group6,1.0129961,0
Group2,0.88245744,0
Group4,1.3505623,0
Group5,1.5123616,0
Group4,0.8419901,0
Group5,1.1561545,1
Group6,1.0197173,0
Group4,1.1383889,0
Group1,1.1326828,0
Group1,1.014589,0
Group2,1.0890824,0
Group3,0.77087474,1
Group4,0.7403842,0
Group3,1.1585699,0
Group4,1.0257909,1
Group5,0.9693782,0
Group3,0.70926356,0
Group6,0.89850783,0
Group2,1.0637203,0
Group6,0.9232398,0
Group3,1.0279088,0
Group4,1.1102612,0
Group6,0.9643373,1
Group4,1.0809784,0
Group4,1.0003238,0
Group3,0.90024066,0
Group3,0.9613267,0
Group3,1.1407343,0
Group5,1.2294053,0
Group6,1.6392071,0
Group2,0.79807466,0
Group5,0.8678773,0
Group1,1.1713123,0
Group6,1.4217477,0
Group3,1.3094648,0
Group2,0.92556775,0
Group5,0.89448214,0
Group6,1.4113508,0
Group5,1.3785673,0
Group6,1.0300792,0
Group4,1.4769877,0
Group4,0.96904564,0
Group1,0.8595808,0
Group1,0.9991686,0
Group3,1.0255284,0
Group1,0.72865707,1
Group1,0.9917998,0
Group6,0.9344944,0
Group5,1.1231786,1
Group4,0.9420207,0
Group3,1.1251739,0
Group2,1.1296197,0
Group4,0.9411456,0
Group3,0.9673128,0
Group6,1.556067,0
Group1,1.4803659,0
Group4,1.4155691,0
Group6,1.0414388,0
Group3,0.86157614,0
Group6,1.1272743,0
Group5,1.0178795,0
Group4,1.9761782,0
Group1,0.6753949,0
Group3,0.9501597,0
Group4,1.3840283,1
Group6,0.6735396,0
Group2,0.965265,0
Group4,1.0723144,0
Group2,1.0079027,1
Group2,0.7662539,0
Group3,0.99670064,0
Group3,1.246786,0
Group3,0.74771804,1
Group4,1.2966875,1
Group4,1.2364416,0
Group1,0.79802215,0
Group6,0.74391985,0
Group1,1.0574892,0
Group3,1.0776353,0
Group6,1.235899,0
Group2,0.97797227,0
Group2,1.0691988,0
Group6,1.2434604,0
Group5,1.2904564,0
Group5,1.1490133,0
Group2,1.0737497,0
Group1,1.098289,0
Group1,1.2566928,1
Group2,1.3012733,0
Group6,0.9538879,0
Group5,1.0495602,0
Group1,1.4132236,0
Group1,1.3131405,0
Group4,0.78144664,0
Group6,1.3901895,0
Group5,1.0070275,0
Group3,0.6827813,0
Group6,1.3810878,0
Group6,1.078458,0
Group6,1.2261498,0
Group3,1.5362885,0
Group3,1.2508467,0
Group3,0.9274231,0
Group5,0.99015445,0
Group1,0.8079289,0
Group1,0.8613311,0
Group4,1.1398591,1
Group6,1.0020566,0
Group6,1.0963463,0
Group6,1.1440948,0
Group4,1.1437798,0
Group3,0.9663852,0
Group2,0.7416619,0
Group6,1.0080076,0
Group3,0.8358465,0
Group5,1.2263073,0
Group2,1.1881329,0
Group4,1.0611998,0
Group3,0.8169256,0
Group6,0.8219315,0
Group4,0.9341268,0
Group4,0.9969457,0
Group4,1.5738503,0
Group5,0.82392687,0
Group4,0.6391283,0
Group1,0.962622,0
Group1,0.85777795,0
Group1,0.63242465,0
Group2,0.777806,0
Group4,0.96344465,0
Group4,0.7993699,0
Group6,1.1249989,0
Group5,1.2553276,0
Group1,0.91081256,0
Group1,0.72846454,0
Group5,1.136341,0
Group5,0.836039,0
Group1,0.8670372,0
Group1,1.072647,1
Group4,0.80836654,0
Group2,0.9312913,1
Group6,0.8646217,0
Group1,1.0918479,0
Group4,0.8944296,0
Group3,0.8532096,0
Group2,0.8141426,0
Group4,0.99902856,0
Group3,1.2946397,0
Group2,0.82294667,0
Group3,1.0603247,1
Group5,0.8685249,0
Group2,0.8091366,0
Group1,1.2303855,0
Group1,0.9113552,1
Group1,1.4114033,0
Group6,0.9191091,0
Group2,1.2083665,0
Group2,1.2287577,0
Group6,1.4822211,0
Group6,0.84990156,0
Group1,0.995983,0
Group4,1.1937164,0
Group4,0.94919705,0
Group5,1.1263292,0
Group4,0.9219271,0
Group2,0.8049359,1
Group4,0.6385682,0
Group3,1.0967662,0
Group6,0.9531177,0
Group2,1.40743,0
Group1,0.82677984,0
Group1,0.90055573,0
Group6,1.2144576,0
Group1,0.9376624,0
Group5,1.1565746,0
Group5,1.290789,0
Group4,1.5482606,1
Group2,1.0187721,0
Group6,0.79788214,0
Group2,0.78480726,1
Group3,0.87314576,0
Group5,0.90571916,1
Group4,0.7801164,0
Group2,1.1345557,0
Group1,1.363042,0
Group4,0.9395178,0
Group6,0.8415175,1
Group2,0.7602853,0
Group5,1.1745853,0
Group3,0.99277997,0
Group4,0.6850042,0
Group2,0.9710585,0
Group6,0.97165364,0
Group2,0.8294578,0
Group1,0.8426727,0
Group1,0.885223,0
Group3,0.860631,1
Group5,0.8926793,0
Group5,0.62309545,0
Group2,0.9552006,0
Group5,1.2330635,0
Group3,1.2582681,1
Group3,1.5112764,0
Group5,1.0000262,0
Group2,0.8283376,0
Group1,1.0836564,0
Group4,1.2807071,0
Group5,1.5193803,0
Group6,1.1210432,0
Group5,1.3643198,0
Group1,1.1136569,0
Group2,0.8037632,0
Group2,0.8128473,0
Group5,1.5105762,0
Group3,1.1493284,0
Group5,0.8790618,0
Group4,0.8537172,0
Group2,0.78587496,0
Group2,1.0211176,1
Group1,0.96472234,0
Group3,0.7844572,0
Group2,1.3141557,0
Group3,1.0129961,0
Group2,1.1799239,0
Group3,0.9340393,0
Group4,1.0759901,0
Group2,1.2410799,0
Group4,1.0973439,0
Group5,1.21367,1
Group5,0.6770402,0
Group3,1.0707566,0
Group6,0.971216,0
Group1,0.9201593,0
Group2,0.8804971,0
Group6,1.4572266,0
Group6,1.1678116,0
Group2,0.99517787,0
Group5,1.2547324,0
Group5,0.89302933,0
Group2,1.0225879,0
Group3,1.2878485,0
Group4,0.9146808,0
Group6,0.9037588,0
Group3,0.90951735,0
Group5,0.7993874,0
Group6,1.067466,0
Group3,1.1431673,0
Group4,1.155577,0
Group6,1.4139413,0
Group2,1.3135955,1
Group5,0.79490656,0
Group1,1.439531,1
Group4,1.0345426,0
Group1,0.9164311,0
Group1,1.417897,0
Group6,1.0793856,0
Group3,1.4471973,1
Group3,0.97916245,0
Group3,0.82949287,0
Group1,0.6626176,0
Group2,1.2168555,0
Group3,0.7553669,0
Group4,1.2179233,0
Group4,0.97967005,0
Group6,1.0807683,0
Group1,1.318479,0
Group2,0.94107556,0
Group6,0.96204436,0
Group4,0.9390802,1
Group6,1.2874459,0
Group2,0.937855,0
Group4,0.98371327,0
Group1,1.1985472,0
Group5,1.1576948,1
Group1,1.2252395,0
Group6,0.9831182,0
Group5,1.2089266,0
Group6,1.0436966,0
Group1,0.8705553,0
Group2,1.4743972,0
Group3,0.6608323,1
Group2,1.1806065,0
Group6,1.1300749,0
Group6,0.9759944,1
Group3,0.89945304,0
Group4,0.9972783,0
Group5,1.4463396,0
Group4,0.96755785,0
Group4,0.954483,0
Group1,0.8153853,0
Group4,0.7878878,0
Group2,1.020435,0
Group6,0.80581105,0
Group6,1.2473111,0
Group2,1.0633178,0
Group2,1.3939701,0
Group4,1.2560626,0
Group2,1.4165318,0
Group5,0.76205313,0
Group1,1.1618081,1
Group4,0.8913491,0
Group3,1.001444,1
Group5,0.91560847,0
Group2,1.0798408,1
Group4,0.99298996,0
Group3,0.6548987,0
Group1,1.2071588,0
Group1,1.068096,0
Group6,0.7851398,0
Group6,0.7790837,0
Group1,0.89833283,1
Group5,0.73417056,0
Group3,1.0083928,0
Group2,1.3556732,0
Group6,1.0793856,0
Group1,1.1270468,0
Group1,0.72702926,0
Group2,0.7012996,0
Group5,0.85713035,0
Group1,1.1641185,0
Group2,0.8661445,0
Group4,1.0880672,0
Group2,0.9637247,0
Group4,1.0942633,0
Group4,0.8214764,0
Group1,0.8126723,0
Group1,0.9689056,0
Group1,0.9112502,0
Group6,0.7165624,0
Group2,1.0876297,0
Group2,0.6379206,0
Group4,0.9276856,0
Group3,0.99509037,1
Group6,0.8462084,0
Group4,0.73973656,0
Group5,0.8687525,0
Group2,0.9502472,0
Group4,0.80103266,0
Group6,0.71185404,1
Group4,0.7382313,0
Group2,0.88902116,0
Group6,0.926898,0
Group5,1.3479193,0
Group2,0.79105586,1
Group4,1.0514506,0
Group4,0.93606967,0
Group3,1.0077977,0
Group6,0.90108085,0
Group4,1.2153152,0
Group5,0.72405374,0
Group5,1.0554588,0
Group6,0.979285,0
Group5,1.1960093,0
Group6,0.9704809,0
Group4,1.1021223,0
Group5,1.0257384,0
Group2,0.87955195,0
Group6,0.87893933,0
Group2,1.0040694,1
Group1,1.2234718,0
Group2,0.9999738,0
Group3,1.0679561,0
Group6,1.6562552,0
Group3,1.0700389,0
Group4,1.0921454,0
Group4,1.1103313,0
Group5,1.3672779,0
Group5,1.2307006,1
Group2,1.1096311,0
Group3,0.88585305,0
Group3,1.0322846,0
Group4,1.0175469,0
Group6,0.67886055,0
Group2,0.7120116,0
Group4,0.71663237,0
Group2,1.2894763,0
Group4,1.2407824,0
Group6,0.6205575,0
Group4,1.0617249,0
Group3,1.0826237,0
Group1,0.9275981,0
Group2,0.8550125,1
Group3,0.76312083,0
Group1,1.2417101,0
Group6,0.87958694,0
Group2,0.97995013,0
Group6,1.0949459,0
Group1,1.1204131,1
Group2,0.92985606,0
Group2,0.9285608,0
Group5,1.0131186,0
Group2,0.79327875,0
Group4,1.0488951,0
Group2,1.025826,0
Group1,0.98807156,0
Group2,0.9509299,0
Group6,0.72022057,0
Group5,0.66627574,0
Group4,0.75783485,0
Group2,1.1073908,0
Group5,0.9396228,0
Group6,0.9036363,0
Group3,0.86820984,0
Group6,1.1527414,0
Group4,0.6901501,0
Group5,1.1739727,0
Group2,1.1261191,0
Group3,0.85215944,0
Group3,1.0056797,0
Group1,1.2064937,0
Group2,1.3564608,0
Group3,1.387424,0
Group6,1.0798582,0
Group3,0.90734696,0
Group1,1.133523,0
Group2,0.9783223,0
Group4,0.7976196,0
Group3,1.1680567,0
Group2,1.1343281,0
Group4,1.3109876,0
Group4,1.3700608,0
Group2,1.4189122,0
Group1,1.2339911,0
Group1,0.99663067,0
Group1,0.98273313,0
Group3,0.95595324,0
Group2,0.846716,0
Group2,0.9543255,0
Group4,1.1216033,0
Group5,1.0610949,0
Group1,0.780729,1
Group5,1.263869,0
Group4,1.2647443,0
Group2,1.368433,0
Group1,0.77393776,0
Group4,0.9274056,1
Group4,0.8783442,0
Group5,0.9650549,0
Group6,0.8480637,0
Group3,0.91763884,0
Group5,0.8301055,0
Group1,0.8872183,0
Group1,0.96241194,0
Group2,0.9864963,0
Group6,1.1078984,0
Group3,1.2091892,0
Group2,0.8439855,0
Group6,1.0121734,0
Group3,1.6526146,1
Group6,0.89861286,0
Group5,1.1223735,0
Group5,0.91212535,0
Group2,1.2291253,0
Group3,1.1508511,0
Group2,0.8158929,0
Group1,1.2587231,0
Group2,1.2767164,0
Group2,1.1999475,0
Group4,0.5743491,0
Group6,1.0457796,0
Group1,1.3428609,0
Group3,0.9942327,0
Group4,0.9009058,0
Group5,0.93365425,0
Group5,0.60881287,0
Group2,0.7967094,0
Group4,1.020365,0
Group1,1.2044458,0
Group3,0.9844309,0
Group6,1.1622456,0
Group1,0.8061786,0
Group2,1.2987179,0
Group2,1.3250077,1
Group2,1.097729,0
Group4,0.979425,1
Group1,1.0957686,0
Group4,0.93675226,0
Group6,0.8307006,1
Group6,0.6427865,0
Group2,1.0835865,0
Group1,0.64147377,0
Group5,1.0181246,0
Group6,1.0771803,0
Group2,1.1478056,1
Group1,1.2962149,0
Group2,1.1847898,0
Group6,0.8423402,0
Group5,1.1842822,0
Group3,1.0155691,0
Group5,0.6940183,0
Group5,1.0218002,0
Group2,0.6824137,0
Group1,0.83791184,0
Group5,0.9030762,0
Group2,0.935072,0
Group6,1.1428171,0
Group5,0.97349143,0
Group2,0.7922111,1
Group4,0.7964994,0
Group5,0.8833676,1
Group6,1.0515556,0
Group4,1.1251564,1
Group6,0.90246356,0
Group1,0.9040214,0
Group5,1.1076182,0
Group4,0.84928894,0
Group1,0.94798934,0
Group6,1.0041745,0
Group2,0.8250995,0
Group2,0.7991073,0
Group6,0.98019516,0
Group6,0.8807246,0
Group2,0.98635626,1
Group1,0.78818536,0
Group6,1.0938083,1
Group1,0.9438236,0
Group5,1.164486,0
Group4,1.1293046,0
Group6,0.8804971,0
Group6,0.9318514,0
Group5,1.1595851,0
Group6,1.0905876,0
Group2,1.1068131,0
Group4,1.0386033,0
Group2,0.7161773,0
Group6,1.0423139,0
Group6,0.7531615,0
Group2,1.026351,0
Group4,0.8590557,0
Group5,0.9250952,0
Group3,0.7232836,0
Group2,0.9875815,0
Group4,1.3484269,0
Group5,1.4738371,0
Group3,0.60328186,0
Group1,0.6879447,0
Group4,0.7442349,0
Group6,0.75676715,0
Group3,1.5740778,0
Group3,1.191721,0
Group2,0.9721962,0
Group3,1.2452457,0
Group4,1.5607754,0
Group2,1.1035575,0
Group1,1.5303024,0
Group2,0.72753686,0
Group1,0.8151578,0
Group6,1.144375,0
Group5,1.238192,0
Group1,1.1676016,0
Group4,1.1544918,0
Group5,0.9219271,0
Group6,1.2455783,0
Group2,1.5055529,0
Group5,1.3472366,0
Group4,0.7774909,0
Group3,1.1209031,0
Group4,1.0344025,0
Group2,1.0433991,1
Group3,1.0136262,0
Group2,0.755717,0
Group4,1.0635628,0
Group5,1.343806,0
Group4,1.4251083,0
Group2,1.0610598,0
Group6,0.87949944,0
Group1,0.92376494,0
Group1,0.8530171,0
Group2,1.136236,0
Group2,0.9308362,0
Group4,1.8470572,0
Group1,0.9109526,0
Group4,1.0688487,1
Group1,0.97191614,1
Group4,0.9026036,0
Group2,1.2185184,0
Group5,0.89793026,1
Group3,1.0259135,0
Group6,0.9063493,0
Group6,0.54695666,0
Group4,1.1857699,0
Group4,1.0282938,0
Group4,0.8653743,0
Group1,1.3957905,0
Group5,0.8149127,1
Group6,0.71376187,0
Group3,0.88422525,0
Group2,0.8235593,1
Group1,1.1262591,0
Group6,0.9880016,0
Group2,0.9776747,0
Group2,0.9812804,0
Group1,0.80780643,1
Group4,1.0462346,0
Group4,1.0877172,0
Group4,1.0690413,0
Group5,0.99010193,0
Group3,0.7775259,0
Group1,1.1922461,0
Group1,0.74237955,0
Group6,1.5990198,0
Group5,1.409758,0
Group3,1.1416969,0
Group6,0.73243773,0
Group1,1.0879622,0
Group1,0.68619436,0
Group2,1.0012339,0
Group4,1.1918961,0
Group6,1.1648362,0
Group5,1.0307969,0
Group3,0.9886842,0
Group4,1.02061,0
Group2,0.61927974,0
Group1,0.910095,0
Group2,1.4919354,0
Group5,0.69713384,0
Group5,1.4205049,0
Group3,1.1601977,1
Group1,0.9254102,0
Group6,1.4901851,1
Group5,1.0225353,0
Group2,1.4857568,0
Group1,0.9963156,0
Group5,1.0714391,0
Group6,0.89203167,0
Group2,0.8039907,0
Group3,0.6542336,0
Group6,0.84785366,1
Group6,1.1825318,0
Group5,0.82070625,0
Group5,0.7785936,0
Group4,0.9015184,0
Group5,1.02054,0
Group2,0.9466241,0
Group1,1.2495165,0
Group4,1.0592395,0
Group6,1.012156,1
Group1,0.8087691,0
Group3,0.81612045,1
Group6,1.0753424,0
Group5,0.93225396,0
Group6,1.2817574,0
Group3,0.7117315,0
Group6,1.0282763,0
Group6,0.8949722,0
Group6,1.3864263,0
Group3,1.0774252,0
Group2,0.8067562,0
Group6,0.74894327,0
Group2,1.0977814,0
Group5,0.9434735,0
Group3,0.9573185,0
Group4,0.9801602,0
Group1,1.1175251,1
Group6,0.8192885,0
Group6,2.0810921,0
Group6,1.1302674,0
Group3,0.9313088,0
Group4,0.9603466,0
Group5,1.0880147,0
Group1,1.108931,0
Group5,0.7094911,0
Group1,0.64985776,0
Group4,0.9940752,0
Group3,1.1600578,0
Group6,1.075815,0
Group3,1.2974402,0
Group4,1.0546887,1
Group6,1.1186978,0
Group6,1.3552706,0
Group3,0.82270163,0
Group6,0.8508817,0
Group3,1.0367129,1
Group4,1.1012996,0
Group6,0.6454645,0
Group4,1.1275544,0
Group3,0.7617906,0
Group3,0.7454076,0
Group2,1.4084278,0
Group5,1.2411674,0
Group6,0.9150659,0
Group5,1.5106463,0
Group2,0.94937205,0
Group5,1.2246095,1
Group2,1.3980309,1
Group3,1.3526627,0
Group2,1.2900363,1
Group6,0.93508947,0
Group6,0.9341968,0
Group2,1.3325166,0
Group5,0.9852711,0
Group4,0.8843303,0
Group6,0.82772505,0
Group4,1.2847328,0
Group6,1.1860499,0
Group1,1.357126,0
Group4,0.90367126,0
Group2,1.0333173,0
Group2,0.8536297,0
Group1,1.0580143,0
Group6,0.82576466,0
Group1,1.1028924,0
Group1,0.98362577,0
Group4,1.3425459,0
Group2,1.1311076,0
Group6,0.98779154,0
Group3,0.7071457,0
Group3,0.943456,1
Group4,0.9136481,0
Group3,1.2423577,0
Group2,1.1657988,0
Group5,0.86757976,0
Group6,1.0706866,0
Group5,0.99484533,0
Group3,1.0423839,0
Group4,0.90330374,0
Group1,1.285013,0
Group1,1.3245176,1
Group5,0.7465103,1
Group6,1.1716623,0
Group6,0.8442655,0
Group1,1.0221328,0
Group1,1.2095742,0
Group4,1.1653262,0
Group5,1.0128036,0
Group3,1.0139588,0
Group1,1.5496434,0
Group1,1.3365422,1
Group5,1.0081127,0
Group5,0.96575505,0
Group2,1.418107,0
Group3,1.0001312,0
Group5,1.0765501,0
Group5,1.3326391,0
Group6,0.8960049,0
Group3,0.8958124,0
Group6,0.9565834,0
Group5,0.995948,0
Group4,0.5889642,0
Group1,0.94135565,1
Group2,1.1356409,0
Group3,1.0672034,0
Group6,1.0659257,0
Group5,0.7186978,0
Group3,1.0421739,0
Group6,0.9875815,0
Group2,1.0034044,0
Group3,1.200315,0
Group6,1.2968626,0
Group2,0.9422133,0
Group2,0.8755437,0
Group4,0.95579576,0
Group5,1.1664989,0
Group3,0.99958867,0
Group5,0.8976327,0
Group6,0.95290774,0
Group2,1.3788649,0
Group4,0.80117273,0
Group1,0.8486063,0
Group4,0.8065462,0
Group3,1.6134074,0
Group2,0.9607141,0
Group1,1.2507942,0
Group2,1.0242506,0
Group3,0.9976458,1
Group6,0.94422615,0
Group3,0.9137006,0
Group4,1.288321,0
Group4,1.1237386,0
Group3,1.0227103,0
Group4,0.8185534,0
Group2,0.9092723,0
Group4,1.2069312,0
Group1,0.76711154,0
Group3,0.92157704,0
Group1,1.147473,0
Group2,1.1385989,0
Group3,0.87680393,0
Group6,1.4033344,1
Group3,0.7560495,0
Group3,1.370726,0
Group5,1.1550343,0
Group2,0.63937336,0
Group4,1.0645779,0
Group3,1.1620531,0
Group1,0.8695051,0
Group3,1.0046645,0
Group5,0.68619436,0
Group2,0.78815037,0
Group5,0.98502606,1
Group4,1.1050628,0
Group2,0.9919573,0
Group5,0.89308184,0
Group4,1.1568897,0
Group5,1.2792369,0
Group2,0.91958165,0
Group5,0.9449438,0
Group3,0.924395,0
Group2,0.99277997,0
Group3,0.984711,0
Group4,1.0178095,0
Group6,0.9559358,0
Group2,0.89642495,0
Group4,1.0001838,0
Group3,0.959874,0
Group4,0.8841553,0
Group2,1.0569465,0
Group3,1.0796481,0
Group2,0.9797926,0
Group4,0.816558,0
Group6,1.1558045,0
Group2,1.086912,0
Group4,0.9310287,0
Group1,1.1323677,1
Group4,1.2766639,0
Group4,1.1304424,0
Group1,1.2062486,0
Group6,1.3671728,0
Group4,1.4299392,0
Group1,0.8820199,0
Group3,0.9291384,0
Group3,0.9444712,0
Group6,1.2432328,0
Group1,1.1729575,0
Group3,1.2323809,0
Group1,1.1332079,0
Group1,0.94515383,0
Group6,0.747788,0
Group4,0.7344856,0
Group6,1.5116265,0
Group3,1.0138713,0
Group1,1.1768959,0
Group2,1.191721,0
Group3,1.3396928,0
Group5,1.1656588,0
Group3,0.98950684,0
Group1,1.1616856,0
Group5,1.0469347,0
Group4,0.8546974,0
Group5,1.263519,0
Group5,1.0742397,0
Group1,0.9902945,0
Group5,0.85805804,0
Group1,1.2403798,0
Group1,0.93118626,1
Group5,1.0157967,0
Group6,0.9784098,0
Group4,0.9694832,1
Group2,1.1355534,0
Group1,1.219236,0
Group3,1.0639129,0
Group2,0.78790534,0
Group3,0.62304294,0
Group3,0.9147333,0
Group5,0.99116963,0
Group5,0.97363144,0
Group4,0.77101475,0
Group2,0.84900886,0
Group5,0.7002319,1
Group5,1.6835601,0
Group3,1.1557695,0
Group3,0.9841159,0
Group4,0.69296813,0
Group3,0.9507548,0
Group6,1.2269549,0
Group3,1.1682492,0
Group4,1.0581193,0
Group1,1.3552182,1
Group3,0.7270993,1
Group4,0.77889115,0
Group1,1.0108782,0
Group3,1.0779679,0
Group5,0.9332517,0
Group6,1.3171837,0
Group3,0.6841115,0
Group1,0.84794116,0
Group1,1.3988535,0
Group5,1.2458059,1
Group2,0.7094036,0
Group5,1.1437973,0
Group2,1.0462872,0
Group1,0.7971645,1
Group2,1.064788,0
Group5,1.1398766,0
Group6,0.82275414,0
Group3,1.1267667,0
Group3,0.7972695,0
Group4,1.1100687,0
Group4,0.7663764,0
Group5,0.93155384,0
Group5,0.7967969,0
Group6,1.2101518,0
Group3,0.96628016,0
Group2,1.1102437,0
Group2,1.1062355,0
Group1,1.0321621,0
Group2,0.9990461,1
Group1,1.1018072,0
Group4,1.0544962,0
Group6,0.98565614,0
Group5,1.1029799,0
Group3,1.2141601,0
Group2,1.1697545,0
Group4,1.3609767,0
Group5,0.70354,0
Group2,1.1262591,0
Group5,1.0449744,1
Group2,0.8080165,0
Group1,0.77918875,0
Group2,1.1579574,0
Group5,0.9671378,0
Group3,0.9776572,0
Group5,1.133628,0
Group1,1.2761037,0
Group6,1.5074958,0
Group4,1.2067738,0
Group4,1.470179,0
Group6,1.3591388,0
Group4,1.0990942,0
Group3,0.99206233,0
Group5,1.494911,0
Group6,0.76924694,0
Group6,1.0222903,0
Group6,1.0488076,0
Group3,0.5616243,0
Group1,0.96463484,0
Group3,1.0498577,1
Group6,0.52992606,0
Group3,1.0476348,0
Group1,0.98066777,0
Group3,1.086527,0
Group3,1.1135168,0
Group5,1.3481994,0
Group6,0.71640486,0
Group1,0.9935326,0
Group6,0.87139547,0
Group2,0.9296985,0
Group3,1.0035619,0
Group4,0.7823918,1
Group1,0.719713,0
Group2,1.5145144,1
Group5,0.73425806,0
Group6,1.0441167,0
Group6,0.8120947,0
Group4,1.368328,0
Group1,0.6826412,1
Group5,0.80642366,0
Group4,0.7436048,0
Group5,1.043189,0
Group6,0.9448038,1
Group2,1.6106595,1
Group4,1.0046996,0
Group4,1.2845578,0
Group5,1.2334485,0
Group4,1.1930512,0
Group1,1.1095262,0
Group6,1.0362228,0
Group3,0.85594016,0
Group2,0.97525924,0
Group6,1.1104712,0
Group2,0.58345073,1
Group1,0.6781254,0
Group6,0.8578655,1
Group4,0.62048745,0
Group3,1.03456,0
Group1,1.1289722,0
Group3,1.222509,0
Group2,1.3112152,0
Group5,1.1348007,0
Group6,1.1119591,0
Group4,0.98635626,0
Group2,0.98905176,0
Group1,0.8238393,0
Group2,1.5656238,0
Group5,0.81853586,0
Group3,1.4912703,0
Group5,1.2451407,0
Group2,1.47578,0
Group6,1.1955717,0
Group3,0.9093248,0
Group4,0.8766639,0
Group3,0.7327703,0
Group5,1.2777841,0
Group4,1.029204,0
Group2,0.9605741,0
Group6,0.9225222,0
Group2,0.8785542,0
Group3,0.9440336,0
Group2,1.1658163,0
Group5,1.3198792,0
Group5,1.0021092,0
Group2,1.034385,0
Group2,1.1444274,0
Group5,1.0169693,0
Group6,0.9468516,0
Group5,1.1207981,0
Group6,1.1767908,0
Group2,1.0374831,0
Group5,1.1742878,0
Group6,0.91224784,1
Group4,1.0556688,0
Group1,1.1374086,0
Group2,1.0213801,1
Group5,1.0534284,1
Group4,0.8975277,0
Group4,1.1038376,0
Group3,1.0717717,0
Group1,1.7354395,0
Group6,1.0004814,0
Group6,1.0007964,0
Group1,0.7842997,0
Group6,1.2099593,0
Group6,0.9356321,0
Group1,1.0659608,0
Group2,1.2501991,0
Group1,1.3790574,1
Group1,0.9699033,0
Group2,0.9196517,1
Group1,1.0347176,0
Group6,1.2760863,0
Group5,1.0118059,0
Group3,1.006975,0
Group2,1.2095392,0
Group3,1.1523913,0
Group3,1.2667221,0
Group3,0.65426856,0
Group4,0.7770183,0
Group2,0.8021879,0
Group6,1.0889773,0
Group6,0.76516867,0
Group2,0.9338117,0
Group3,1.0819411,0
Group1,1.4693913,0
Group1,0.88630813,0
Group2,0.98896426,1
Group6,1.111889,0
Group4,0.863519,0
Group2,0.50610423,0
Group4,1.4274187,0
Group3,0.89596987,0
Group3,0.87570125,1
Group1,1.1211832,1
Group4,0.8711854,0
Group3,1.2091017,0
Group6,0.92506015,0
Group2,1.2156653,0
Group3,1.0004113,1
Group1,0.8431103,0
Group2,1.1758456,0
Group6,1.6790444,0
Group5,0.8256071,0
Group4,0.9223822,0
Group4,0.8040782,0
Group1,1.3567934,1
Group4,1.0053822,0
Group1,0.62318295,0
Group6,0.6066424,0
Group6,1.1854373,0
Group4,1.0622325,1
Group2,0.6067825,0
Group6,0.80140024,1
Group4,1.0722793,0
Group2,0.95976895,0
Group5,0.67627007,0
Group2,1.2145276,0
Group3,0.90636677,0
Group5,1.30992,0
Group3,1.1622807,1
Group4,1.2806021,0
Group3,0.62461823,0
Group6,1.1432197,0
Group2,1.2727957,0
Group2,1.1206406,0
Group1,0.81713563,0
Group6,0.9743141,0
Group6,0.6677985,0
Group3,0.8976502,0
Group2,0.8093467,0
Group2,1.1073031,0
Group4,1.6559402,0
Group4,0.9644948,0
Group2,0.91268545,0
Group5,1.2033956,0
Group6,1.1718549,0
Group2,1.0443443,0
Group4,0.8807771,1
Group3,1.1078984,0
Group1,1.1271518,0
Group2,1.0499628,0
Group1,1.5278519,0
Group1,1.5900056,1
Group2,0.84437054,1
Group6,1.1543517,0
Group3,0.82079375,1
Group2,0.90347874,0
Group2,0.93549204,0
Group6,0.9728263,0
Group4,1.4568765,0
Group4,0.85119677,0
Group5,1.1112764,0
Group2,1.1688794,0
Group2,1.0892924,0
Group5,1.1552619,0
Group6,0.91258043,0
Group4,0.9621669,0
Group6,0.8765589,0
Group6,0.64600706,0
Group1,1.0855993,0
Group4,0.9259178,0
Group2,0.9782348,0
Group1,1.1468079,0
Group3,0.98065025,0
Group3,0.95113987,0
Group6,0.8959524,0
Group5,1.3519975,0
Group5,1.0433991,0
Group5,0.99323505,0
Group3,1.2030805,0
Group5,1.1177001,0
Group4,0.88751584,0
Group5,0.8755787,0
Group6,0.8088916,0
Group4,0.73779374,1
Group2,0.9638647,1
Group4,1.097799,0
Group5,0.88706076,1
Group1,1.0775303,0
Group2,1.2679824,0
Group6,0.95707345,0
Group2,0.9336192,0
Group3,0.90844965,0
Group1,0.94714916,0
Group1,1.3372599,0
Group2,1.0441343,0
Group5,0.92682797,0
Group2,0.92761564,1
Group3,1.0683762,0
Group3,0.85224694,0
Group5,1.321367,0
Group2,0.9179539,0
Group4,1.277259,0
Group5,0.8419201,0
Group5,1.0714742,0
Group3,0.93647224,0
Group2,1.1929812,0
Group6,1.3600315,0
Group3,1.409723,0
Group5,1.147543,0
Group1,0.8905264,0
Group3,0.9802477,0
Group6,1.0305518,0
Group3,0.6394959,0
Group3,1.3493546,0
Group5,0.83927715,0
Group3,0.96407473,0
Group3,1.3755568,0
Group1,1.1010021,0
Group3,1.0532008,0
Group1,0.8457883,0
Group1,0.75881505,0
Group3,0.8850479,0
Group4,1.1169125,1
Group2,1.1660439,0
Group1,1.0687612,0
Group1,0.9609417,0
Group5,1.0820462,0
Group5,0.866442,0
Group6,1.07564,0
Group5,0.7743754,0
Group2,1.4462872,0
Group5,0.56944823,0
Group4,1.3031112,0
Group1,0.8988229,0
Group4,1.2679298,0
Group4,0.76719904,0
Group2,0.96069664,0
Group1,1.0576117,0
Group3,0.8101168,0
Group4,0.93337417,0
Group4,1.1097887,0
Group6,1.177946,0
Group5,0.8049709,0
Group2,0.81788826,0
Group4,1.0621275,1
Group5,1.3920099,0
Group6,1.2241719,0
Group1,0.7306699,0
Group6,0.852562,0
Group4,0.7083359,0
Group2,1.1574323,0
Group1,0.8038682,0
Group2,1.0058373,0
Group1,1.1779985,1
Group2,1.0298867,0
Group6,0.8804621,0
Group4,1.0052598,0
Group4,0.717315,0
Group1,1.6505141,0
Group5,0.6146414,0
Group5,1.5921061,0
Group3,1.1813066,0
Group2,0.8602634,0
Group1,1.0906577,0
Group6,1.0045071,0
Group2,1.6301055,0
Group4,1.552794,0
Group5,1.1716974,0
Group5,0.9268805,0
Group5,1.0735571,0
Group5,0.87519366,0
Group5,0.81508774,0
Group2,0.92401,0
Group2,1.3942852,1
Group1,0.90358377,1
Group5,1.070109,0
Group6,1.2741084,0
Group5,1.1377412,0
Group4,1.1049752,0
Group1,0.88511795,0
Group2,0.9975583,1
Group6,0.8202162,0
Group2,0.88795346,0
Group1,0.7786111,0
Group6,0.9162736,0
Group3,1.106113,0
Group6,0.9913447,0
Group4,0.8193235,0
Group3,0.8094692,1
Group5,0.7887105,0
Group6,1.161528,0
Group5,1.0815561,0
Group6,0.71682495,0
Group3,0.69190043,1
Group1,1.0483525,0
Group1,0.92478013,0
Group6,0.7764757,0
Group3,1.2516868,0
Group1,1.0144664,0
Group2,1.009408,0
Group5,1.1030674,0
Group5,1.0581018,0
Group6,0.9253752,1
Group6,0.80623114,0
Group1,1.277364,0
Group6,0.673032,0
Group4,1.3703234,0
Group3,0.915941,1
Group1,1.5630333,0
Group4,0.98598874,0
Group6,0.921472,0
Group2,1.0436791,0
Group1,1.304529,0
Group6,0.67954314,0
Group5,0.89686257,0
Group5,1.0896075,1
Group1,1.0546012,0
Group6,1.0749923,0
Group4,0.9208244,0
Group6,0.7951166,0
Group6,1.7577736,0
Group3,0.7100162,0
Group6,1.2431278,0
Group5,0.7492233,0
Group1,0.6376756,0
Group2,0.94956464,0
Group6,1.5237212,0
Group6,1.1686518,0
Group5,0.70145714,1
Group1,0.8838227,0
Group3,0.8229642,0
Group3,0.7816567,0
Group3,1.3313088,0
Group2,1.5820593,0
Group2,0.7512187,0
Group2,1.2095392,0
Group6,0.841325,0
Group2,1.3052291,0
Group2,1.042454,0
Group1,1.0106682,1
Group6,1.2268673,0
Group5,1.5538967,0
Group3,1.3565309,0
Group2,0.99670064,0
Group1,1.221844,0
Group6,0.7762482,0
Group6,1.0933882,0
Group2,1.1520413,0
Group3,1.095191,1
Group4,0.9285783,0
Group3,0.9251827,0
Group1,0.9193366,0
Group3,1.1326128,0
Group4,0.94835687,0
Group2,0.95290774,0
Group1,0.8501466,0
Group1,1.2538573,0
Group1,1.0728569,0
Group5,0.8431453,0
Group2,1.0653656,0
Group1,0.8982628,1
Group2,1.0094604,0
Group5,1.4640878,0
Group3,0.8114121,0
Group1,1.064718,0
Group6,0.7364635,0
Group3,1.1021572,0
Group6,0.7223034,0
Group4,0.6998994,0
Group1,1.1468779,0
Group2,0.8904739,0
Group1,0.67793286,0
Group1,0.7431497,0
Group1,1.3075219,0
Group5,1.0223778,0
Group6,1.0431015,0
Group1,1.1690193,0
Group5,1.0105631,1
Group4,0.5141907,0
Group3,0.94830436,0
Group1,0.7186978,0
Group3,0.8324684,0
Group1,0.7295672,1
Group5,1.0898175,0
Group2,1.5754081,0
Group1,1.0518881,0
Group2,1.5324903,1
Group1,0.9912047,0
Group5,0.9485144,0
Group2,1.1787336,0
Group4,0.7792938,0
Group3,0.78102654,0
Group5,0.55089486,0
Group1,0.6367654,0
Group5,0.93328667,0
Group2,1.0297817,0
Group4,0.9391502,0
Group2,0.6763401,0
Group2,0.81337243,0
Group6,0.8155428,0
Group3,1.2354615,0
Group1,1.0627052,0
Group2,0.8374393,0
Group1,0.6945959,0
Group4,0.98523605,0
Group6,0.7062705,1
Group6,0.89850783,0
Group6,0.9816479,0
Group1,1.288181,0
Group6,1.1794688,0
Group3,0.9750667,0
Group4,0.9714436,0
Group6,0.90297115,0
Group2,1.1705596,0
Group2,0.7375312,1
Group6,0.9110751,0
Group3,1.3676103,0
Group4,0.835759,0
Group5,0.7716449,0
Group1,1.0374831,0
Group2,1.0889249,0
Group3,1.2951822,0
Group6,0.8544699,0
Group2,0.9375749,0
Group4,1.2789743,0
Group1,0.99067956,0
Group3,1.0750798,0
Group5,1.128272,0
Group3,1.3042489,0
Group1,1.2251695,0
Group5,0.9588588,0
Group6,0.76823175,0
Group5,0.97132105,0
Group1,1.2204962,1
Group6,1.3320614,0
Group6,1.1795563,0
Group2,0.72489387,1
Group3,1.0393384,0
Group3,0.81510526,0
Group4,0.95240015,0
Group3,0.8012427,0
Group1,1.37918,0
Group6,1.0321621,1
Group1,1.4082878,0
Group6,0.71871525,0
Group6,0.93776745,1
Group1,1.1153371,0
Group2,0.8666346,0
Group6,1.530915,0
Group1,0.87648886,0
Group3,0.6697414,0
Group2,1.0038245,0
Group3,0.8968276,0
Group3,1.0001838,0
Group1,0.821984,0
